emp_no,first_name,last_name,birth_date
10095,Hilari,Morton,1965-01-03
10122,Ohad,Esposito,1965-01-19
10291,Dipayan,Seghrouchni,1965-01-23
10476,Kokou,Iisaka,1965-01-01
10663,Teunis,Noriega,1965-01-09
10762,Lech,Himler,1965-01-19
10933,Juyoung,Seghrouchni,1965-01-24
12155,Keiichiro,Glinert,1965-01-21
12408,Rasiah,Sudkamp,1965-01-10
12643,Morrie,Schurmann,1965-01-30
13499,Kazuhiko,Sidou,1965-01-16
14075,Denny,Tchuente,1965-01-03
14104,Sudhanshu,Demian,1965-01-03
14127,Magdalena,Cannard,1965-01-10
14158,Caolyn,Setiz,1965-01-22
14476,Sastry,Marrevee,1965-01-19
14907,Nakhoon,Luga,1965-01-14
15050,Nikolaos,Kruskal,1965-01-18
15058,Bouchung,Bugrara,1965-01-30
15413,Arvin,Rabejac,1965-01-17
16461,Remmert,Schahn,1965-01-14
16528,Gaurav,Swick,1965-01-21
17013,Morris,Garigliano,1965-01-15
17206,Berry,DeMori,1965-01-02
17369,Yaghout,Kenevan,1965-01-31
17447,Zengping,Boreale,1965-01-11
17731,Gennady,Roison,1965-01-16
17970,Filipp,Carrere,1965-01-06
17988,Mabhin,Calkin,1965-01-31
18021,Adil,Matzke,1965-01-07
18424,Filipp,Rousseau,1965-01-19
18583,Stafford,Honglei,1965-01-03
18617,Surveyors,Crouzet,1965-01-21
18810,Taiji,Jarecki,1965-01-09
19236,Elzbieta,Morris,1965-01-24
19350,Satoru,Yoshizawa,1965-01-19
19803,Ziva,Kowalchuk,1965-01-30
20100,Utz,Heuter,1965-01-18
20128,Kazunori,Peak,1965-01-23
20129,Rafael,Skafidas,1965-01-10
20248,Vidar,Demri,1965-01-12
20313,Candida,Benveniste,1965-01-24
20500,Christoph,Trystram,1965-01-30
20885,Otmar,Rothenberg,1965-01-21
21181,Jianhui,Cangellaris,1965-01-21
21188,Piyush,Danecki,1965-01-21
21546,Yongmin,Lanteri,1965-01-01
21843,Karsten,Azadmanesh,1965-01-09
21909,Mohammed,Brizzi,1965-01-04
22185,Huai,Birch,1965-01-29
22415,Perla,Jumpertz,1965-01-20
22451,Jasminko,Bresenham,1965-01-27
22455,Barry,Unno,1965-01-06
22926,Manibrata,Genther,1965-01-01
23396,Hilari,Fairtlough,1965-01-02
24080,Jaana,Perez,1965-01-26
24205,Roddy,Rubsam,1965-01-25
24377,Lubomir,Wroclawski,1965-01-25
24394,Zhonghui,Conta,1965-01-04
24553,Anwar,Passafiume,1965-01-12
24571,Cordelia,Gischer,1965-01-20
25488,Ingmar,Basawa,1965-01-19
26629,Nevin,Rodham,1965-01-28
26671,Jiakeng,Kalorkoti,1965-01-21
26788,Zongyan,Dalphin,1965-01-25
27331,Wanqing,Krohm,1965-01-19
27378,Piyawadee,Leppanen,1965-01-28
27620,Shuji,Kandlur,1965-01-25
27686,Manu,Rosiles,1965-01-28
27699,Falguni,Pezzoli,1965-01-15
27767,Tooru,Veldwijk,1965-01-27
28193,Xinglin,Mitsuhashi,1965-01-29
28974,Chenxi,Sundgren,1965-01-09
28988,Tua,Giveon,1965-01-18
29130,Xumin,Thorensen,1965-01-06
29265,Gilbert,Calkin,1965-01-14
29380,Satoru,Vidal,1965-01-30
29418,Valery,Mersereau,1965-01-22
29679,Kolar,Steenbeek,1965-01-17
29782,Jouko,Hellwagner,1965-01-29
29954,Pranay,Giarratana,1965-01-27
30007,Kousuke,Vecchio,1965-01-24
30035,Tetsushi,Conta,1965-01-08
30154,Mayuko,Skafidas,1965-01-26
30182,Leon,Potthoff,1965-01-26
30465,Randi,Avouris,1965-01-28
30484,Sailaja,Chvatal,1965-01-11
30695,Gudjon,Majewski,1965-01-08
30938,Yakkov,Samarati,1965-01-06
31147,Divine,Sidhu,1965-01-04
31188,Leandro,Gist,1965-01-12
31207,Abdelwaheb,Dulin,1965-01-30
31341,Oksana,Zultner,1965-01-01
31514,Harngdar,Schapire,1965-01-13
31568,Mark,Lalonde,1965-01-10
31909,Murthy,Peek,1965-01-10
32347,Terresa,Peres,1965-01-08
32552,Atreye,Stanger,1965-01-17
32649,Ingmar,Nannarelli,1965-01-12
32714,Radoslaw,Maliniak,1965-01-16
32844,Tadahiko,Melton,1965-01-23
33025,Jessie,Thorelli,1965-01-12
33215,Steen,Fasbender,1965-01-29
33722,Anwar,Collette,1965-01-15
34077,Angel,Sichman,1965-01-08
34261,Kyoichi,Callaway,1965-01-05
34446,Chinhyun,Bauknecht,1965-01-31
34452,Naftaly,Foong,1965-01-08
34505,Felicidad,Kumaresan,1965-01-28
34533,Erzsebet,Shigei,1965-01-10
34780,Moni,Kohling,1965-01-16
34788,Ennio,Babu,1965-01-27
34936,Bokyung,Stamatiou,1965-01-12
35044,Jiang,Waschkowski,1965-01-04
35087,Leif,Ashish,1965-01-17
35441,Chandrasekaran,Peek,1965-01-31
35642,Ashish,Talmon,1965-01-30
35793,Oscar,Kusalik,1965-01-01
35798,Ulf,Oberman,1965-01-29
36521,Serif,Gladwell,1965-01-21
36626,Fen,Genin,1965-01-02
36733,Uma,Reinhard,1965-01-04
36844,Hailing,Levergood,1965-01-01
36982,Kotesh,Rajala,1965-01-22
37070,Jeong,Undy,1965-01-22
37945,Suzette,Butterworth,1965-01-02
38043,Michaela,Randi,1965-01-05
38103,Masasuke,Babu,1965-01-12
38168,Fumiko,Deverell,1965-01-14
38550,JoAnne,Baez,1965-01-14
38593,Huei,Orsini,1965-01-14
38947,Shuichi,Ruemmler,1965-01-25
39000,Martijn,Vendrig,1965-01-08
39036,Changho,Cappelli,1965-01-08
39301,Rimon,Kawashima,1965-01-07
39341,Mahmut,Lampe,1965-01-01
39952,Otmar,Sudbeck,1965-01-02
40269,Toshiki,Ghazalie,1965-01-10
40283,Sudhanshu,Boissier,1965-01-07
40301,Spyrose,Felder,1965-01-20
40536,Harngdar,Bernardinello,1965-01-20
40765,Michaela,Ramsak,1965-01-01
40773,Shimshon,Aingworth,1965-01-09
40983,Marla,Cherinka,1965-01-17
41114,Petter,Thummel,1965-01-25
41137,Bikash,Buchter,1965-01-20
41357,Willard,Vernadat,1965-01-06
41518,Keung,Schapiro,1965-01-11
41520,Xiong,Uhrik,1965-01-20
41609,Yucai,Simmen,1965-01-04
42778,Shuji,Remmers,1965-01-19
42911,Brigham,Eterovic,1965-01-29
42950,Shaleah,Eickenmeyer,1965-01-22
42955,Yucel,Lortz,1965-01-12
43154,Maha,Waterhouse,1965-01-13
43733,Huei,Boguraev,1965-01-26
43848,Phillip,Oxenboll,1965-01-11
44054,Alenka,Ritcey,1965-01-18
44265,Maria,Eppinger,1965-01-24
44540,Mingzeng,Sadowski,1965-01-16
44900,Mark,Schwaller,1965-01-05
44959,Volkmar,Uhrik,1965-01-21
44962,Sariel,Wynblatt,1965-01-16
45162,Dulce,Speel,1965-01-11
46000,Zhaofang,Penn,1965-01-26
46328,Wuxu,Trogemann,1965-01-05
46811,Junsik,Berendt,1965-01-10
46834,Tooru,Daescu,1965-01-22
46943,Pasqua,Maraist,1965-01-31
47016,Toong,Litecky,1965-01-03
47139,Marco,Usdin,1965-01-25
47262,Gonzalo,Binkley,1965-01-10
47515,Naraig,Jenevein,1965-01-26
47702,Juyoung,Vieri,1965-01-21
47708,Edwin,Haldar,1965-01-05
48275,Sariel,Massonet,1965-01-29
48690,Hitomi,Schaap,1965-01-12
48882,Leen,Lamparter,1965-01-28
48904,Yuichiro,Malabarba,1965-01-23
48947,Filipp,Akaboshi,1965-01-05
49010,Kazuhisa,Benantar,1965-01-16
49017,Filipp,Flanders,1965-01-07
49119,Lena,Peek,1965-01-09
49177,Tze,Bach,1965-01-03
49464,Siddarth,Cappelletti,1965-01-14
49477,Baocai,Leaver,1965-01-14
50293,Xinan,Rindone,1965-01-26
50311,Mooi,Stafford,1965-01-24
50453,Aron,Harbusch,1965-01-12
50670,Boguslaw,Snedden,1965-01-30
50831,Marie,Khalid,1965-01-06
51036,Chriss,Fasbender,1965-01-29
51057,Theirry,Albarhamtoshy,1965-01-29
51060,Youngkon,Rohrbach,1965-01-15
51142,Rosine,Lakshmanan,1965-01-29
52038,Chikako,Armand,1965-01-13
52040,Phule,Heijenga,1965-01-14
52283,Trygve,Krupka,1965-01-20
52386,Adas,Denti,1965-01-28
52590,Jouni,Munoz,1965-01-21
52599,Augustine,Mungall,1965-01-25
52639,Arup,Colorni,1965-01-09
52770,Shugo,Yurek,1965-01-31
52778,Alain,Penn,1965-01-15
52956,Khalil,Picci,1965-01-31
52970,Lobel,Werthner,1965-01-22
53278,Premsyl,Lortz,1965-01-31
53314,Eberhardt,Carrera,1965-01-06
53431,Sham,Vasanthakumar,1965-01-12
53499,Zdislav,Mandelberg,1965-01-20
53597,Jiafu,Marchegay,1965-01-30
53874,Bodo,Schade,1965-01-23
53924,Arnould,Gaughan,1965-01-27
54198,Shaowen,Segond,1965-01-01
54632,Etsuo,Serot,1965-01-19
54795,Sumant,Nergos,1965-01-29
54800,Breannda,Cangellaris,1965-01-13
55640,Adit,Syrotiuk,1965-01-25
55687,Shih,Lindqvist,1965-01-02
55799,Jianwen,Litzler,1965-01-23
55857,Adin,Scallan,1965-01-18
56105,Makato,Remmers,1965-01-11
56209,Remzi,Douceur,1965-01-19
56415,Sigeru,Nivat,1965-01-30
56428,Olivera,Hanabata,1965-01-27
56682,Roded,Picco,1965-01-28
56829,Nagui,Gruenwald,1965-01-09
56847,Menkae,Chinin,1965-01-14
57934,Sanjoy,Boudaillier,1965-01-25
58141,Bezalel,Karner,1965-01-05
58147,Shigenori,Sullins,1965-01-09
58384,Mariusz,Vural,1965-01-22
58454,Ziya,Zambonelli,1965-01-25
58497,Yechiam,Cairo,1965-01-22
58819,Gennady,Liesche,1965-01-04
58990,Palash,Trelles,1965-01-04
59195,Ronnie,Pollock,1965-01-08
59640,Zita,Hiltgen,1965-01-18
59869,Zsolt,Riefers,1965-02-01
59966,Steen,Salvesen,1965-01-28
60000,Heekeun,Emmart,1965-01-16
60091,Surveyors,Bade,1965-02-01
60238,Erzsebet,Claffy,1965-01-23
60559,Jeanna,Stemann,1965-01-19
60821,Moty,Mersereau,1965-01-02
60845,Bedir,Siegrist,1965-01-14
60875,Rildo,Masaki,1965-01-21
60959,Tetsushi,Sridhar,1965-01-09
61147,Leszek,Werthner,1965-01-30
61253,Cheong,Uhrik,1965-01-09
61377,Dannz,Ohori,1965-01-01
61541,Kasidit,Papsdorf,1965-01-08
61873,Woody,Rusmann,1965-01-19
62033,Heeju,Cappelli,1965-01-24
62046,Karlis,Nanard,1965-01-31
62245,Adel,Bressoud,1965-01-01
63294,Tetsushi,Tanemo,1965-01-23
63419,Hiroyasu,Seuren,1965-01-14
63441,Hinrich,Scallan,1965-01-15
63566,Heekeun,Slaats,1965-01-31
63631,Falguni,Cherinka,1965-01-22
63706,Sedat,Itzigehl,1965-01-26
64023,Laurentiu,Benzmuller,1965-01-11
64209,Golgen,Schoegge,1965-01-24
64487,Tsutomu,Rebaine,1965-01-27
64532,Atilio,Segond,1965-01-23
64632,Zsolt,Brender,1965-01-07
64790,Shin,Piveteau,1965-01-29
64828,Krister,Pappas,1965-01-27
64984,Eldridge,Eldridge,1965-01-06
65171,Jeane,Tasistro,1965-01-25
65539,Aksel,Picaronny,1965-01-23
65883,Patricia,Pepe,1965-01-07
65998,Mandell,Alameldin,1965-01-09
66382,Domenico,Candan,1965-01-04
66530,Dung,Leaver,1965-01-29
66643,Jianhao,Tomescu,1965-01-18
66702,Deniz,Thibadeau,1965-02-01
66757,Yonghong,Baig,1965-01-16
66807,Aiman,Rosaz,1965-01-21
67320,Sadok,Lorys,1965-01-18
67548,Fumitaka,Roohalamini,1965-01-11
67934,Aiman,Gargeya,1965-01-07
68416,Munenori,Debuse,1965-01-27
68608,Yucai,Seghrouchni,1965-01-26
68633,Chinhyun,Rassart,1965-01-28
68648,Jaques,DiGiano,1965-01-25
69052,Shietung,Shrader,1965-01-26
69219,Shuky,Redmiles,1965-01-09
69867,Miyeon,Rothe,1965-01-22
69878,Chinya,Cooke,1965-01-24
69936,Lalit,Unni,1965-01-23
70469,Tru,Miyakawa,1965-01-12
70990,Arumugam,Nitta,1965-01-22
71066,Domenick,Basart,1965-01-27
71141,Sajjad,Vitiello,1965-01-02
71188,Pranjal,Schapiro,1965-01-02
71243,Kinh,Buchter,1965-01-10
71334,Cathie,Peck,1965-01-15
71685,Kristinn,Olano,1965-01-01
71710,Hitomi,Takanami,1965-01-31
71745,Adil,Laventhal,1965-01-02
72190,Sajjad,Waeselynck,1965-01-19
72194,Feiyu,Siepmann,1965-01-26
72232,Naraig,Veldwijk,1965-01-10
72640,Honglan,Hutton,1965-01-24
72918,Takahira,Szilard,1965-01-22
73076,Froduald,Feldhoffer,1965-01-22
73233,Shigeo,Merey,1965-01-15
73516,Qingxiang,Badache,1965-01-14
73743,Anneke,Bernardeschi,1965-01-15
74200,Holgard,Weiland,1965-01-16
74344,Hiroyasu,Provine,1965-02-01
74668,Masako,Bonifati,1965-01-01
74800,Yuuichi,Conde,1965-01-25
75354,Shuky,Jakobus,1965-01-11
75703,Kyoichi,Erman,1965-01-08
76189,Kolar,Hinsberger,1965-01-02
76201,Arif,Preusig,1965-01-10
76640,Tristan,Mitsuhashi,1965-01-02
77030,Faiza,Garnham,1965-01-02
77303,Xinglin,Birge,1965-01-18
77647,Niranjan,Schaaf,1965-01-07
77815,Ronghao,Picaronny,1965-01-21
78106,Ashish,Ratnaker,1965-01-09
78363,Susumu,Fritzsche,1965-01-03
78469,Leucio,Cappelli,1965-01-28
78871,Conor,Ghandeharizadeh,1965-01-15
79043,Katsuo,Hockney,1965-01-24
79171,Guiseppe,Ellozy,1965-01-19
79310,Jeong,Cunliffe,1965-01-24
79606,Arnd,Peir,1965-01-03
79763,Sanjoy,Barreiro,1965-01-20
79895,Fei,Murtagh,1965-01-30
80067,Kazuhisa,Weiland,1965-01-19
80203,Shakhar,Baik,1965-01-22
80432,Stella,Figueira,1965-01-17
80731,Shaowen,Eldridge,1965-01-25
80850,Koldo,Luit,1965-02-01
80889,Shigeo,Linnainmaa,1965-01-07
80948,Harjit,Bardell,1965-01-27
81105,Jaewon,Boissier,1965-01-14
81545,Larisa,Kornyak,1965-01-13
81644,Divine,Ghandeharizadeh,1965-01-05
81995,Sreekrishna,Brender,1965-01-10
82069,Yechezkel,Perfilyeva,1965-01-20
82098,Poornachandra,Wilharm,1965-01-25
82351,Stevo,Thambidurai,1965-01-26
82511,Uwe,Koblick,1965-01-27
82919,Shigeu,Claffy,1965-01-05
82928,Alselm,Rikino,1965-01-27
83280,Francesca,Ellozy,1965-01-07
83289,Shigeichiro,Engelmann,1965-01-09
83509,Breannda,Collavizza,1965-01-04
83544,Leaf,Baak,1965-01-18
83714,Ohad,Kilgore,1965-01-27
83805,Manohar,Harllee,1965-01-23
83941,Zsolt,Hagimont,1965-01-11
84029,Babette,Eugenio,1965-01-27
84179,Shuichi,Nanard,1965-01-25
84236,Eberhardt,Barriga,1965-01-18
84315,Kristina,Baumann,1965-01-23
84451,Shiv,Aumann,1965-01-20
84508,Tommaso,Vidya,1965-01-17
84840,Sverrir,Neimat,1965-01-14
84922,Parke,Unno,1965-01-22
84942,Shin,Fujisaki,1965-01-15
85216,Ferdinand,Rosiles,1965-01-18
85288,Younwoo,Luders,1965-01-06
85414,Chiradeep,Callaway,1965-01-14
85445,Yongdong,Pollock,1965-01-09
85702,Udi,Merks,1965-01-04
85874,Pasqua,Taubman,1965-01-30
86213,Kristine,Clemencon,1965-01-28
86354,Ronghao,Segond,1965-01-27
86422,Jaewon,Thummel,1965-02-01
86546,Oldrich,Woycyznski,1965-01-09
86655,Zhenhua,Lorys,1965-01-01
86672,JoAnne,Anido,1965-01-15
87129,Keung,Neiman,1965-01-16
87353,Quingbo,Coombs,1965-01-07
87714,Khun,Janetzko,1965-01-16
87729,Yongmin,Roccetti,1965-01-24
87783,Conor,Thorensen,1965-01-26
88103,Goo,Bresenham,1965-01-09
88411,Lena,Cannane,1965-01-31
88422,Jungsoon,Birsak,1965-01-28
88647,Vasiliy,Ratnaker,1965-01-10
88958,Vojin,Coombs,1965-01-22
88965,Mang,Hedayat,1965-01-20
89048,Otmar,Birjandi,1965-01-24
89090,Tetsushi,Theuretzbacher,1965-01-26
89161,Conal,Yetto,1965-01-07
89207,Along,Erol,1965-01-15
89346,Mansur,Comyn,1965-01-13
89590,Guther,Rothenberg,1965-01-27
89664,Pranjal,Rossi,1965-01-20
89680,Aiman,Mawatari,1965-01-27
89806,Xiadong,Shinomoto,1965-01-27
89922,Alexius,Ibel,1965-01-26
89941,Arnould,Weedman,1965-01-23
90077,Vivian,Guerreiro,1965-01-24
90084,Renny,Bale,1965-01-01
90211,Bader,Denis,1965-01-15
90292,Koichi,Assaf,1965-01-09
90518,Fumiko,Chepyzhov,1965-01-24
90614,Yonghoan,Trogemann,1965-01-29
90692,Rajmohan,DasSarma,1965-01-03
91172,Kazuhisa,Melter,1965-01-19
91182,Lucien,Schwartzburd,1965-01-04
91229,Yahiko,Hebden,1965-01-01
91256,Gunilla,Milicic,1965-01-13
91333,Lobel,Stafford,1965-01-27
91415,Jamaludin,Nilsson,1965-01-04
91648,Dmitry,Msuda,1965-01-29
92438,Aria,Kilgore,1965-01-04
92454,Visit,McFarlan,1965-01-24
92577,Zhanqiu,Farrow,1965-01-06
92598,Ranga,Merro,1965-01-18
92685,Mang,Atchley,1965-01-26
92841,Claude,Candan,1965-01-22
92846,Anyuan,Kropatsch,1965-01-11
92920,Huei,Hutter,1965-01-20
93040,Jaques,Kabayashi,1965-01-19
93220,Richara,Walston,1965-01-11
93278,Magdalena,Penn,1965-02-01
93549,Arie,Coullard,1965-02-01
93600,Kristina,Neimat,1965-01-13
94331,Ramzi,Cronau,1965-01-26
94416,Aran,Cesareni,1965-01-01
94761,Hitofumi,Zaccaria,1965-01-27
94944,Heping,Matheson,1965-01-13
95181,Yishai,Cappelli,1965-01-28
95286,Kristin,Guerreiro,1965-01-18
95314,Rasiah,Koblick,1965-01-22
95406,Alair,Lyonns,1965-01-08
95416,Gianluca,Ramaiah,1965-01-13
95509,Kristinn,Loncour,1965-01-11
95920,Nobuyoshi,Hegner,1965-01-19
96571,Kokou,Garrabrants,1965-01-13
96579,Mohan,Tasistro,1965-01-18
96767,Arumugam,Vecchio,1965-01-07
97018,Jeanna,Chinen,1965-01-09
97623,Haldon,Janetzko,1965-01-25
97661,Avishai,Hegner,1965-01-31
98288,Sumali,Huttel,1965-01-12
98306,Ziya,Kadhim,1965-01-16
98639,Florina,Assaf,1965-01-29
99057,Shugo,Reeken,1965-01-30
99373,Xiaobin,Christianini,1965-01-13
99377,Carrsten,Francisci,1965-01-18
99590,Dhritiman,Anily,1965-01-24
99654,Mahendra,Motley,1965-01-30
100865,Hisao,Peral,1965-01-19
100916,Heejo,Aamodt,1965-01-18
101487,Abdelaziz,Sury,1965-01-14
101647,Mori,Homond,1965-01-22
101902,Mantis,Millington,1965-01-14
102620,Adin,Templeman,1965-01-03
103196,Djenana,Albarhamtoshy,1965-01-16
103310,Visit,Swen,1965-01-07
103316,Susanne,Peternell,1965-01-03
103342,Beshir,Hellwagner,1965-01-03
103756,Heping,Halloran,1965-01-31
104133,Pranjal,Zyda,1965-01-31
104845,Werner,Lodder,1965-01-29
104988,Parviz,Litzler,1965-01-07
105342,Kwun,Reeker,1965-01-01
105356,Diederik,Matzov,1965-01-29
105432,Mohamadou,Stafford,1965-01-08
105520,Haldun,Lienhardt,1965-01-01
105731,Sachem,Cromarty,1965-01-15
106096,Naftali,Schurmann,1965-01-14
106242,Nevio,Thisen,1965-02-01
106695,Lijie,Garrabrants,1965-01-31
106710,Babette,Anandan,1965-01-31
107486,Siamak,Luiz,1965-01-23
107737,Fabrizio,Chleq,1965-01-23
107792,Shahab,Crooks,1965-01-13
107828,Ramya,Walston,1965-01-26
108091,Hisao,Ghemri,1965-01-09
108198,Randi,Samarati,1965-01-24
108316,Shai,Stellhorn,1965-01-02
108988,Oksana,Baek,1965-01-19
109062,Jamaludin,Kandlur,1965-02-01
109211,Gor,Delgrande,1965-01-11
109252,Moty,Winter,1965-01-15
109278,Bangqing,Schach,1965-01-21
109552,Menkae,Etalle,1965-01-31
109598,Stamatina,Auyong,1965-02-01
109620,Mani,Cannata,1965-01-02
109703,Arco,Walston,1965-01-17
109741,Hatem,Fadgyas,1965-01-11
109953,Godehard,Chorvat,1965-01-26
200267,Chuanti,Luff,1965-01-08
200312,Akemi,Fujisaki,1965-01-27
200363,Kirk,Quaggetto,1965-01-10
200735,Dinah,Denos,1965-01-09
200789,Susumu,Camurati,1965-01-14
201229,Alejandra,Khasidashvili,1965-01-03
201708,Anneli,Perl,1965-01-15
201709,Fan,Kakkad,1965-01-01
201739,Genta,Terekhov,1965-01-16
201801,Waiman,Genin,1965-01-12
201915,Sudharsan,DeMori,1965-01-02
202291,Ortrun,Schmiedel,1965-01-16
202403,Gully,Perko,1965-01-09
202414,Zvonko,Murthy,1965-01-13
202552,Morris,Saoudi,1965-01-05
202826,Kerhong,Matzke,1965-01-19
202882,Isaac,Koshino,1965-01-25
202950,Giordano,Pietrzykowski,1965-01-17
203474,Hugh,Jonsson,1965-01-03
203495,Zongyan,Gips,1965-01-02
203599,Ewing,DiGiano,1965-01-21
203720,Sasan,Thimonier,1965-01-30
203946,Yefim,Marwedel,1965-01-23
204117,Jessie,Nooteboom,1965-01-10
204133,Susuma,Bergere,1965-01-22
204246,Arve,Worfolk,1965-01-09
204425,Gretta,Huttel,1965-01-03
204470,Hein,Lichtner,1965-01-22
204471,Franziska,Maginnis,1965-01-27
204764,Susanne,Mandelberg,1965-01-22
205018,Yahiko,Awdeh,1965-01-26
205085,Moni,Kornyak,1965-01-23
205174,Leszek,Spinelli,1965-01-05
205500,Mary,Setiz,1965-01-04
205627,Stabislas,Broder,1965-01-21
205660,Kien,Barreiro,1965-01-27
205699,Youjian,Yetto,1965-01-31
205789,Limsoon,Skafidas,1965-01-31
205863,Aiichiro,Kusalik,1965-01-06
206748,Yucai,Fabrizio,1965-01-07
206836,Guadalupe,Pfau,1965-01-12
206966,Tzu,Sichman,1965-01-21
207021,Jacqueline,Akaboshi,1965-01-20
207068,Zhiguo,Ariola,1965-01-13
207204,Kellie,Schrooten,1965-01-25
207401,Shuji,Barbanera,1965-01-04
207551,Baziley,Falck,1965-01-15
207779,Chinya,Kamble,1965-01-16
207980,Remko,Vieth,1965-01-07
208147,Manu,Rothenberg,1965-01-09
208330,Shen,Flanders,1965-01-11
208639,Larisa,Lukaszewicz,1965-01-27
208653,Phillip,Schade,1965-01-23
208784,Pranjal,Juneja,1965-01-30
209101,Xinyu,Edelhoff,1965-01-05
209443,Krassimir,Garnier,1965-01-19
209565,Dante,Covnot,1965-01-09
209712,Nimmagadda,Baak,1965-01-17
210017,Shalesh,Lovengreen,1965-01-28
210292,Lihong,Zeilberger,1965-01-18
210449,Gino,Lagarias,1965-01-19
210752,Saniya,Stenning,1965-01-25
210786,Werner,Ranze,1965-01-31
211858,Domenico,Ratnaker,1965-01-08
211879,Gao,Ranze,1965-01-12
211967,Anwar,Bain,1965-01-07
212093,Leni,Henders,1965-01-11
212154,Sailaja,Holburn,1965-01-17
212361,Claudi,Stanfel,1965-01-16
213016,Yongmao,Fontan,1965-01-22
213140,Tru,Danecki,1965-01-10
213384,Pranas,Narwekar,1965-01-04
213447,Armond,Perly,1965-02-01
214215,Xiaoqiang,Cardazo,1965-01-25
214391,Rayond,Klassen,1965-01-15
214427,Peer,Molberg,1965-01-29
214539,Ingmar,Kohling,1965-01-27
214634,Shirish,Vickson,1965-01-12
214789,Arfst,Chepyzhov,1965-01-28
214866,Gopalakrishnan,Angel,1965-02-01
214995,Dinkar,Hoppenstand,1965-01-12
215419,Flemming,Kroha,1965-01-16
215629,Munehiro,Manders,1965-01-15
215746,Sven,Speer,1965-01-08
215843,Pramod,Loncour,1965-01-30
216054,Sahrah,Angiulli,1965-01-24
216342,Aiichiro,Cromarty,1965-01-22
216375,Byong,Gustavson,1965-01-16
216502,Xiaocheng,Suermann,1965-01-26
216573,Ashish,Vidya,1965-01-29
216921,Lena,Lenart,1965-01-22
217026,Otmar,Engberts,1965-01-11
217080,Masami,Puoti,1965-01-12
217272,Yuchang,Eldridge,1965-01-21
217286,Yannik,Spelt,1965-01-05
217320,Abdelwaheb,Denis,1965-01-10
217363,Horward,Marzano,1965-01-14
217387,Jianhao,Molenaar,1965-01-21
217551,Panayotis,Lukaszewicz,1965-01-02
217800,Shay,Servieres,1965-02-01
218022,Mokhtar,Poupard,1965-01-26
218100,Jiong,Garnham,1965-01-24
218831,Unal,DuBourdieux,1965-01-16
219035,Kristine,Bierman,1965-01-18
219047,Aemilian,Kusalik,1965-01-30
219052,Marsal,Acton,1965-01-06
219417,Subhrajyoti,Denna,1965-01-29
219497,Moie,Zastre,1965-01-22
219967,Susanna,Reeken,1965-01-16
220029,Demos,Asser,1965-01-17
220131,Reinhard,Slaats,1965-01-09
220418,Poorav,Laventhal,1965-01-23
220528,Sibyl,Rabehasaina,1965-01-06
220582,Poornachandra,Zielinski,1965-01-08
220611,Yuping,Babb,1965-01-23
220625,Shigenori,Deville,1965-01-25
220699,Nahid,Gyimothy,1965-01-07
220799,Perla,Orlowska,1965-01-17
221126,Tesuya,dAstous,1965-01-23
221367,Saddek,Farris,1965-01-13
221369,Abdulah,Pocchiola,1965-01-28
221435,Djenana,Marrevee,1965-01-06
221973,Sangeeta,Kalefeld,1965-01-17
222206,Stein,Uludag,1965-01-21
222311,Miyeon,Billingsley,1965-01-20
222319,Matt,Chvatal,1965-01-20
222354,Valdiodio,Schlumberger,1965-01-15
222616,Badri,Schapire,1965-02-01
222770,Kazuhiko,Kushner,1965-01-22
222878,Annemarie,Zallocco,1965-01-10
222926,Limsoon,Erol,1965-01-10
222952,Gopalakrishnan,Suermann,1965-01-28
222998,Leaf,Awdeh,1965-01-07
223593,Hidefumi,Moehrke,1965-01-20
223595,Chiranjit,Dredge,1965-02-01
224135,Annemarie,Bressoud,1965-01-02
224335,Perry,Chachaty,1965-01-29
224390,True,Shobatake,1965-01-24
224934,George,Miake,1965-01-05
225438,Remmert,Quaggetto,1965-01-14
225601,Masasuke,Genin,1965-01-13
225788,Ipke,Kieras,1965-01-08
225867,Ramalingam,Remmele,1965-01-26
225964,Mooi,Cooman,1965-01-19
226216,Giordano,Gini,1965-01-28
226227,Herbert,Erva,1965-01-07
227354,Gio,Murtha,1965-01-12
227476,Macha,Schnabel,1965-01-11
227681,Mikhail,Rousseau,1965-01-30
227899,Garnik,Luce,1965-01-23
227901,Francesca,Azuma,1965-01-26
228098,IEEE,Kroll,1965-01-18
228248,Yuriy,Plump,1965-01-09
228554,Bilhanan,Brendel,1965-01-03
228766,Nahla,Smailagic,1965-01-11
229098,Berry,Yurek,1965-01-08
229220,Fabrizio,Lichtman,1965-01-21
229248,Harjit,Terekhov,1965-01-27
229386,Pohua,Tasistro,1965-01-03
229391,Paloma,Henseler,1965-01-15
229404,Gilbert,Kilgour,1965-01-11
229547,Moni,Schach,1965-01-03
229727,Ewing,Millington,1965-01-23
229981,Jamaludin,Fordan,1965-01-19
230002,Tadahiro,Backhouse,1965-01-07
230126,Bezalel,Radivojevic,1965-01-31
230287,Renny,Alameldin,1965-01-14
230354,Yinghua,Lorho,1965-01-31
230498,Kolar,Puppo,1965-01-15
230579,Shahar,Negoita,1965-01-17
230689,Dietrich,Crabtree,1965-01-14
230865,Takushi,Brattka,1965-01-02
231069,Trygve,Siksek,1965-01-22
231459,Nectarios,Pramanik,1965-01-28
231671,Chandrasekaran,Pearson,1965-01-07
231798,Goetz,Alvarado,1965-01-28
232178,Etsuo,Anandan,1965-01-29
232209,Nitsan,Rouquie,1965-01-11
232697,Barry,Ramsak,1965-01-23
232723,Tesuya,Bugrara,1965-01-14
233114,Alselm,Gargeya,1965-01-20
233394,Khalid,Lenart,1965-01-06
233397,Fay,Sundgren,1965-01-16
233426,Etsuo,Usery,1965-01-12
233690,Cedric,Riefers,1965-01-17
233759,Zissis,Lodder,1965-01-14
233765,Kotesh,Chachaty,1965-01-20
233785,Baziley,Ballarin,1965-01-30
233818,Kellie,Heydon,1965-01-01
234195,Luerbio,Terkki,1965-01-07
234739,Foong,Aamodt,1965-01-31
235017,Irena,Dratva,1965-01-17
235096,Sverrir,Gyimothy,1965-01-21
235325,Gro,Prochazka,1965-01-06
235368,Anneli,Joslin,1965-01-09
235458,Gio,Heuser,1965-01-05
235729,Henk,Anger,1965-02-01
235780,Sampalli,Bergere,1965-01-17
235793,Jayesh,Spinelli,1965-01-03
236315,IEEE,Raczkowsky,1965-01-31
236566,Yechezkel,Maginnis,1965-01-17
236591,Insup,Reinhard,1965-01-11
236827,Almudena,Rijckaert,1965-01-28
236883,Huan,Olivero,1965-01-27
236964,Adel,Foote,1965-01-17
238112,Miomir,Frezza,1965-01-12
238252,Uno,Suppi,1965-01-09
238422,Vishv,Angelov,1965-01-10
238949,Minghong,Cronin,1965-01-09
239067,Tadahiko,Pocchiola,1965-01-11
239244,Abdulla,Kitai,1965-01-13
239415,Susumu,Brender,1965-01-01
239426,Vesna,Fairtlough,1965-01-08
239664,Sugwoo,Michaels,1965-01-04
239706,Arunas,Bugrara,1965-01-15
239748,Bilhanan,Dusink,1965-01-23
239803,Oscal,Ernst,1965-01-30
240132,Mizuhito,Kobara,1965-02-01
240236,True,Tischendorf,1965-01-24
240285,Kolar,Greenaway,1965-01-23
240340,Mack,Staylopatis,1965-01-14
240438,Temple,Cyre,1965-01-02
240870,Francesca,Chorvat,1965-01-06
241100,Cedric,Molenaar,1965-01-23
241254,Jagoda,Anguita,1965-01-15
241292,Uri,Lampe,1965-01-29
241567,Emran,Miara,1965-01-18
241667,Atilio,Olivero,1965-01-28
241728,Limsoon,Boudaillier,1965-01-30
241872,Bluma,Fetvedt,1965-01-11
242019,Herb,Murrill,1965-01-09
242081,Tomokazu,Pargas,1965-01-12
242104,Richara,Sudkamp,1965-01-05
242500,Bingning,Iisaku,1965-01-08
242800,Kazuyasu,Levergood,1965-01-11
243018,Bowen,Deverell,1965-01-02
243077,Kazunori,Perz,1965-02-01
243576,Abdulah,Lodder,1965-01-04
243637,Marjo,Delgrange,1965-01-16
243898,Arch,Basawa,1965-01-09
244308,Mokhtar,Rebaine,1965-01-10
244605,Masoud,Suwa,1965-01-22
244624,Boaz,Seuren,1965-01-31
244711,Rosli,Butner,1965-01-25
244714,Poorav,Clouatre,1965-01-27
244820,Shigenori,Hertweck,1965-01-15
244873,Arunachalam,Oppitz,1965-01-04
245164,Filipp,Winter,1965-01-23
245396,Gift,Bottner,1965-01-31
245664,Manohar,Kilgore,1965-01-18
246146,Zhongwei,Melski,1965-01-30
246244,George,Casperson,1965-01-09
246364,Alper,Tiemann,1965-01-06
246764,Shuzo,Czaja,1965-01-04
246798,Tianruo,Strooper,1965-01-09
246902,Shih,Shanbhogue,1965-01-27
247089,Seongbae,Schahn,1965-01-17
247122,Xiaobin,Narlikar,1965-01-23
247447,Tzu,Bakhtari,1965-01-28
247456,Masako,Bahk,1965-01-16
247612,Chiranjit,Constantine,1965-01-04
247875,Xiong,Anick,1965-01-02
247888,Abdelghani,Lagarias,1965-01-15
248256,Sajjan,Falby,1965-01-05
248351,Jaana,Milicia,1965-02-01
248758,Snehasis,Muhlberg,1965-02-01
248953,Percy,Sudbeck,1965-01-29
249239,Hideyuki,Decleir,1965-01-21
249325,Ute,Pokrovskii,1965-01-26
249433,Ayonca,Matzov,1965-01-16
249504,Dmitry,Velardi,1965-01-07
249780,Nechama,Gaughan,1965-01-12
249799,Jolita,Neimat,1965-01-04
249866,Steen,Gubsky,1965-01-15
249969,Georgi,Luiz,1965-01-21
250411,Ranga,Sommen,1965-01-27
250452,Alexius,Plavsic,1965-01-14
250748,Kish,Turnbull,1965-01-27
251166,Hinrich,Hooghiemstra,1965-01-22
251233,Yucel,Bernini,1965-01-07
251301,Pintsang,Impagliazzo,1965-01-30
251341,Divier,Kumaresan,1965-01-11
251403,Utpal,DuBourdieux,1965-01-01
251437,Shichao,Iwayama,1965-01-20
251645,Bezalel,Tsunoo,1965-01-06
251680,Moty,Sommen,1965-01-05
251814,Mitsuyuki,Zockler,1965-01-01
252185,Chaosheng,Conta,1965-01-01
252316,Gill,Niizuma,1965-01-07
252392,Sanjeeva,Peron,1965-01-01
253029,Thodoros,Thimonier,1965-01-13
253707,Insup,Hainaut,1965-01-05
253838,Stafford,Terlouw,1965-01-28
253893,Huiqun,Trystram,1965-01-04
254044,Gunilla,Brendel,1965-01-16
254399,Armond,Lores,1965-01-24
254821,Tonny,Couchot,1965-01-24
255466,Huan,Roccetti,1965-01-18
255657,Oldrich,Cyre,1965-01-20
255779,Heejo,Merle,1965-01-31
256216,Halsur,Brodal,1965-01-01
256856,Hongzue,Barbanera,1965-01-03
256881,Ioana,Jakobus,1965-01-03
256888,Heather,Pehl,1965-01-03
257062,Stabislas,Pardalos,1965-01-24
257378,Pascal,Bernatsky,1965-01-06
257469,Anyuan,Hanratty,1965-01-22
257484,Shaowei,Nicolson,1965-01-01
258028,Mountaz,Reinhart,1965-01-07
258124,Mariusz,Zolotykh,1965-01-17
258470,Weiwu,Butner,1965-01-04
258643,Przemyslawa,Esposito,1965-01-11
259042,Xiaoqiang,Farrow,1965-01-12
259237,Palash,Gammage,1965-01-27
259273,Xiahua,Gomatam,1965-01-22
259611,Shuichi,Marrakchi,1965-01-27
259619,Conal,Magliocco,1965-01-21
259718,Stepehn,Bouloucos,1965-01-24
260153,Mingdong,Baar,1965-01-28
260249,Vugranam,Beausoleil,1965-01-22
260361,Reinhold,Rahier,1965-01-25
260399,Hatem,Birsak,1965-01-30
260408,Sasan,Brookner,1965-01-19
260501,Dzung,Pargas,1965-01-14
261184,Masako,Kornatzky,1965-01-30
261631,Jianhua,Huttel,1965-01-08
261662,Berni,Assaf,1965-01-11
261737,Mark,Lindqvist,1965-01-23
261986,Gila,Ramsak,1965-01-21
261990,Volkmar,Czaja,1965-01-16
262208,Mrinalini,Holburn,1965-01-16
262210,Chinho,Bottner,1965-01-22
262328,Mayuko,Vural,1965-01-03
262439,Lorien,Lagarias,1965-01-30
262636,Tamiya,Reutenauer,1965-01-04
262752,Pramod,Bierman,1965-01-04
262928,Piyush,Gill,1965-01-01
263012,Hideo,Buchter,1965-01-09
263186,Danny,Lowrie,1965-01-22
263370,Shakhar,Ranze,1965-01-03
263439,Atreye,Kabayashi,1965-01-09
263645,Mingsen,Lally,1965-01-19
263649,Mechthild,Zongker,1965-01-17
263926,Fusako,Schwartzbauer,1965-01-03
264030,Zdislav,Solares,1965-01-15
264167,Baoqiu,Tomescu,1965-01-25
264322,Leandro,Swist,1965-01-03
264626,Noritoshi,Bakhtari,1965-01-13
264939,Bogdan,Bahi,1965-01-10
265039,Navid,Staudhammer,1965-01-03
265521,Kensei,Salverda,1965-01-04
265558,Susuma,Kleiser,1965-01-31
265794,Miquel,Halloran,1965-01-15
265875,Fan,Marsiglia,1965-01-20
266206,Zsolt,Anily,1965-02-01
266249,Sumant,Nishimukai,1965-01-15
266310,Zvonko,Serdy,1965-01-23
266644,Anwar,Gubsky,1965-01-08
266862,Mart,Plumb,1965-01-10
266881,Mokhtar,Sabnani,1965-01-11
267059,Moie,Tempesti,1965-01-09
267227,Susuma,Tagansky,1965-01-10
267304,Jordanka,Axelband,1965-01-06
267667,Irena,Kaiserswerth,1965-01-05
268043,Narain,Mikschl,1965-01-28
268191,LiMin,Teitelbaum,1965-01-07
269728,Naftali,Kragelund,1965-01-12
270084,Ulises,Frolund,1965-01-11
270716,Shunichi,Baer,1965-01-19
270794,Dannz,Zhang,1965-02-01
271106,Taisook,Kampfer,1965-01-10
271219,Odoardo,Tyugu,1965-01-16
272141,Tsutomu,Neiman,1965-01-13
272285,Gully,Mitchem,1965-01-19
272316,Surveyors,Muhling,1965-01-05
272452,Mitsuyuki,Isard,1965-01-10
272599,Holgard,Hegner,1965-01-16
272860,Minghong,Candan,1965-02-01
273159,Divine,Hofmeyr,1965-01-26
273286,Brigham,Asmuth,1965-01-26
273396,Wayne,Baba,1965-01-10
273806,Hongzhu,Beetstra,1965-01-01
273858,Gunilla,Matzen,1965-01-13
274071,Mingsen,Weiland,1965-01-01
274271,Prodip,Ritcey,1965-01-10
274369,Ranga,Waymire,1965-01-29
274813,Yefim,Pettey,1965-01-10
275158,Satyanarayana,Brandsma,1965-01-07
275263,Vojin,Laventhal,1965-01-21
275444,Limsoon,Leppanen,1965-01-16
275495,Shen,Yamaashi,1965-01-13
275801,Ayakannu,Heinisuo,1965-01-22
275881,Jiann,Munro,1965-01-08
275994,Uma,Prampolini,1965-01-29
276027,Holgard,Stavenow,1965-01-04
276184,Mari,Swick,1965-01-10
276186,Sajjad,Vecchi,1965-01-30
276189,Isaac,Klerer,1965-01-10
276445,Atilio,Randi,1965-01-27
276472,Hideyuki,Flanders,1965-01-27
276563,Gift,Solares,1965-01-01
276868,Alois,Sanella,1965-01-19
277316,Vitali,Rothenberg,1965-01-03
277362,Uzi,Kugler,1965-01-09
277420,Rayond,Schach,1965-01-16
277777,Herbert,Itzigehl,1965-01-27
277829,Michaela,Fandrianto,1965-01-22
278239,Boaz,Bottner,1965-01-19
278386,Caolyn,Poujol,1965-01-15
278452,Sudhanshu,Toyoshima,1965-01-07
278536,Munenori,Shobatake,1965-01-14
278549,Jaana,Werthner,1965-01-02
278953,Jeanna,Ghandeharizadeh,1965-01-26
279115,Maren,DuCasse,1965-01-05
279280,Niranjan,Debuse,1965-01-09
279791,Chiranjit,Lyonns,1965-01-10
280070,Niteen,Ebeling,1965-01-24
280291,Lenore,Badache,1965-01-26
280420,Jahangir,Hofting,1965-01-31
280525,Kish,Herbst,1965-01-13
280648,Heeju,Lorys,1965-01-04
281570,Zijian,Covnot,1965-01-08
281692,Khosrow,Sommen,1965-01-06
281848,Parke,Staylopatis,1965-01-29
281859,Masanao,Papastamatiou,1965-01-17
282191,Alper,Shinomoto,1965-01-16
282333,Nahla,Serdy,1965-01-25
282343,Xinglin,Haldar,1965-01-13
282547,Nahum,Codenie,1965-01-18
282585,Zijian,Lammel,1965-01-03
282894,Fay,Bellmore,1965-01-05
284300,Ishfaq,Mahmud,1965-01-22
284431,Pintsang,Fujisawa,1965-01-25
284561,Duri,Beznosov,1965-01-03
284687,Oksana,Redmiles,1965-01-15
284691,Theron,Ressouche,1965-01-04
284711,Martijn,Azevdeo,1965-01-21
284717,Gal,Ranta,1965-01-11
284856,Moto,Kobara,1965-01-05
284954,Anneke,Hammerschmidt,1965-01-16
285164,Xiaocheng,Kumaresan,1965-01-02
285396,Lena,Kohling,1965-01-27
285905,Kellyn,Bage,1965-01-09
285906,Arnould,Buescher,1965-01-02
286026,Utpal,Zaumen,1965-01-21
286029,Jaques,Nanard,1965-01-28
286370,Toshimitsu,Seuren,1965-01-06
286452,Behnaam,Bierbaum,1965-01-26
286573,Nahum,Nishimukai,1965-01-27
286779,Sigeru,Versino,1965-01-24
286986,Woody,Trelles,1965-01-01
287323,Steve,Dengi,1965-02-01
287327,Youjian,Felder,1965-01-13
287334,Elliott,Speer,1965-01-05
287482,Shigeaki,Gihr,1965-01-01
287583,Jovan,Hockney,1965-01-18
287609,Sailaja,Negoita,1965-01-06
287713,Aamod,Ranka,1965-01-23
287808,Vidar,Ozeki,1965-01-09
287983,Randi,Munos,1965-01-23
287984,Troy,Kobuchi,1965-01-09
288028,Kauko,Narwekar,1965-01-22
288142,Shay,Heystek,1965-01-25
288166,Masoud,Asmuth,1965-01-11
288560,Yifei,Birjandi,1965-01-16
288563,Cristinel,Gerlach,1965-01-02
288606,Susumu,Swiss,1965-01-21
288665,Horward,Khasidashvili,1965-01-31
288893,Bedrich,Rosenbaum,1965-01-30
289454,Bowen,Narwekar,1965-01-20
289687,Fai,Maccarone,1965-01-31
289807,Soenke,Lemarechal,1965-01-04
289909,Hilari,Vecchio,1965-01-09
290009,Zijian,Rindone,1965-01-22
290075,Boalin,Byoun,1965-01-15
290284,Kwangjo,Menhardt,1965-01-08
290441,Gregory,Collavizza,1965-01-25
290467,Shaowen,Poulakidas,1965-01-29
290478,Tsvetan,Sherertz,1965-01-03
290563,Shigehiro,Oxenboll,1965-01-09
290769,Lalit,Blokdijk,1965-01-26
291352,Danai,Trelles,1965-01-07
291612,Siamak,Gomatam,1965-01-30
291669,Faiza,Bach,1965-01-04
292110,Menkae,Showalter,1965-01-23
292146,Khatoun,Pulkowski,1965-01-09
292210,Masaru,Huhdanpaa,1965-01-17
292404,Hongzue,Zultner,1965-01-28
292504,Georgi,Bednarek,1965-01-27
292515,Bernd,Thummel,1965-01-04
292828,Ziya,Tokunaga,1965-01-10
293080,Hideyuki,Slaats,1965-01-12
293154,Syozo,Maliniak,1965-01-21
293280,Moti,Steenbeek,1965-01-24
293329,Fumiya,Griswold,1965-01-15
293746,Sanjay,Litecky,1965-01-25
293752,Jungsoon,Bail,1965-01-04
294144,Takanari,Ermel,1965-01-09
294241,Marl,Fiebach,1965-01-12
294446,Claudi,Ruemmler,1965-01-27
294461,Siddarth,Rosiles,1965-01-14
294527,Ashish,Candan,1965-01-04
294652,Hironobu,Brodie,1965-01-27
294791,Vesna,Lammel,1965-01-28
294857,Caolyn,Ozeri,1965-01-15
295030,Fun,Keirsey,1965-01-01
295236,Kauko,Fujisawa,1965-01-24
295254,Xuejun,Pfau,1965-01-15
295255,Jacopo,Bellone,1965-01-04
295262,Moon,Pews,1965-01-22
295268,Eben,Calkin,1965-01-28
295278,Val,Barvinok,1965-01-04
295411,Chiranjit,Serot,1965-01-18
295857,Kankanahalli,Ciolek,1965-01-17
296062,Shaz,Driscoll,1965-01-29
296303,Mariangiola,Heyers,1965-01-28
296428,Charmane,Simmen,1965-01-03
296664,Dipayan,Geffroy,1965-01-31
296687,Palash,Spieker,1965-01-02
296718,Kamakshi,Bahl,1965-01-30
297232,Lokesh,Saoudi,1965-01-16
297431,Cathie,Ratnakar,1965-01-12
297474,Irena,Terkki,1965-01-13
297905,Marc,Bahl,1965-01-12
297954,Sailaja,Fujisaki,1965-01-13
298339,King,Benzmuller,1965-01-11
298577,Florina,Litecky,1965-01-11
298953,Zita,Syang,1965-02-01
299346,Fumitake,Sichman,1965-01-09
299580,Luisa,Itzfeldt,1965-01-21
299718,Denny,Shobatake,1965-01-15
299737,Patricio,Itzfeldt,1965-02-01
400046,Hilari,Christ,1965-01-12
400358,Angus,Jullig,1965-01-31
400683,Kamakshi,Manders,1965-01-28
400780,Poornachandra,Asser,1965-01-09
400796,Bodo,Halevi,1965-01-10
401154,Danae,Kragelund,1965-01-27
401278,Oguz,Schurmann,1965-01-16
401333,Martins,Shokrollahi,1965-01-30
401420,Florian,Uhrig,1965-01-06
401574,Yannik,Falco,1965-01-13
402025,Shigehito,Duclos,1965-01-20
402102,Kersti,Granlund,1965-01-21
402664,Subhada,Janetzko,1965-01-04
402718,Jeanna,Rettelbach,1965-01-17
402827,Weidon,Pollacia,1965-01-28
403010,Toshimitsu,Sluis,1965-01-16
403621,Deborah,Kaminger,1965-01-07
403644,Krisda,Hainaut,1965-01-19
403954,Jeanna,Bratten,1965-01-10
404018,Valery,Babb,1965-01-11
404236,Zengping,Kakkar,1965-01-12
404462,Anestis,Setlzner,1965-01-09
404573,Eberhardt,Spelt,1965-01-31
404755,Manu,Junet,1965-01-13
404788,Basem,Beausoleil,1965-01-16
405015,Morris,Fargier,1965-01-02
405063,Yechezkel,Yurov,1965-01-26
406125,Georgi,Portugali,1965-01-25
406239,Marek,Tomescu,1965-01-09
406564,Parviz,Picco,1965-01-25
406714,Malu,Ossenbruggen,1965-02-01
406847,Alexius,Crouzet,1965-01-24
407522,Tommaso,Raczkowsky,1965-01-25
407837,Fei,Erez,1965-02-01
408019,Shridhar,Chleq,1965-01-01
408114,Geoffrey,Ladret,1965-01-05
408163,Irene,Sethi,1965-01-21
408417,Tsz,Daescu,1965-01-19
408437,Uno,Solares,1965-01-29
408447,Mayuri,Werthner,1965-01-13
408654,Yongqiao,Cochrane,1965-01-09
408953,Jolita,Claffy,1965-01-26
409391,Willard,Verspoor,1965-01-06
409798,Dekang,Tsunoo,1965-01-15
409805,Frazer,Candan,1965-01-15
409898,Divier,Ishibashi,1965-02-01
410028,Xiadong,McClurg,1965-01-11
410372,Duri,Mitina,1965-01-08
410433,Kazuhisa,Riesenhuber,1965-01-19
410616,Gudjon,Kalorkoti,1965-01-18
410804,Ronnie,Denos,1965-01-17
410881,Koichi,Grabner,1965-01-06
411070,Otmar,Brandsma,1965-01-29
411082,Martine,Cangellaris,1965-01-08
411143,Goncalo,Barbanera,1965-01-08
412404,Mitsuyuki,Jeansoulin,1965-01-15
412757,Leen,Peak,1965-01-03
413098,Hsiangchu,Taubenfeld,1965-01-26
413205,Mototsugu,Prampolini,1965-01-09
413666,Remco,Duclos,1965-01-05
413729,Harjit,Ernst,1965-01-02
413831,Mohamadou,Grabner,1965-01-09
413832,Marco,Jahnichen,1965-01-24
414027,Tadanori,Msuda,1965-01-31
414091,Wuxu,Kuhnemann,1965-01-17
414543,Bernd,Anick,1965-01-03
414551,Elliott,Copas,1965-01-22
414662,Ipke,Schneeberger,1965-01-21
414714,Chinho,Delgrande,1965-01-06
414814,Dayanand,Wielonsky,1965-01-28
414897,Juyoung,Willoner,1965-01-17
415187,Juyoung,Peltason,1965-01-03
415338,Shigeo,Emmart,1965-01-22
415363,Conal,Shackell,1965-01-19
415563,Mrinalini,Bierbaum,1965-01-21
416074,Alain,Lieberherr,1965-01-08
416383,Nectarios,Itschner,1965-01-29
416420,Adamantios,Heemskerk,1965-01-22
416492,Kannan,Meriste,1965-01-15
416660,Nathalie,Luke,1965-01-28
416720,Tokuyasu,Xiaoshan,1965-01-14
416877,Gio,Orsini,1965-01-02
416892,Shooichi,Vandervoorde,1965-01-03
417435,Bouchung,Zaumen,1965-01-03
418239,Josyula,Motley,1965-01-03
418247,Oscar,Oppitz,1965-01-08
418298,Arvin,Pusterhofer,1965-01-08
418309,Danel,Petereit,1965-01-24
418380,Kazuhiko,Gornas,1965-01-02
418566,Kazuhide,Snedden,1965-01-27
418606,Michaela,Otillio,1965-01-11
418717,Arunachalam,Magliocco,1965-01-20
418860,Ymte,Dalton,1965-02-01
419099,Heon,Broomell,1965-01-15
419953,Ung,Orlowski,1965-01-29
420086,Susuma,Kitsuregawa,1965-01-27
420476,Mariangiola,Bolsens,1965-01-28
420557,Mabhin,Eastman,1965-01-06
420694,Frazer,Barbanera,1965-01-19
420732,Willard,Morrin,1965-01-06
420759,Raimond,Solovay,1965-01-04
420765,Shawna,Krider,1965-01-17
420877,Khosrow,Erez,1965-01-29
421022,Shigeaki,Butner,1965-01-26
421033,Garnik,Randt,1965-01-14
421074,Zhaofang,Falster,1965-01-07
421312,Mariangiola,Bashian,1965-01-13
421384,Renny,Bednarek,1965-01-02
421755,Shichao,Thiria,1965-01-03
422146,Kenton,Miara,1965-01-08
422783,Jagoda,Uhrig,1965-01-18
423038,Takushi,Strehl,1965-01-20
423204,Uma,Stranks,1965-01-08
423208,Joydip,Krone,1965-01-19
423214,Tsutomu,Tetzlaff,1965-01-31
423327,Constantijn,Lichtman,1965-01-27
423350,Heping,Monarch,1965-01-04
423633,Mariusz,Tokunaga,1965-01-30
423993,Seshu,Kolvik,1965-01-01
424569,Danco,Luff,1965-01-14
424584,Kagan,Dredge,1965-02-01
424685,Changho,Veevers,1965-01-10
424797,Theron,Itschner,1965-01-19
424805,Jacqueline,Zallocco,1965-01-24
424930,Xuejun,Reeker,1965-01-19
424984,Vasilis,Waleschkowski,1965-01-11
425437,Moni,Staudhammer,1965-01-03
425535,Alagu,Vieri,1965-01-18
425540,Paddy,Zumaque,1965-01-03
425757,Yongdong,Jiang,1965-01-18
425780,Paris,Range,1965-01-15
425830,Guther,Conia,1965-01-30
425875,Jahangir,Kroft,1965-01-19
426153,Shahaf,Luce,1965-01-16
426168,Kaijung,Mateescu,1965-01-10
426228,Supot,Badache,1965-01-17
426235,Danco,Rajala,1965-01-31
426644,Zejun,Broomell,1965-01-13
426706,Karsten,Kawashima,1965-01-07
426795,Huican,Lunn,1965-01-07
426818,Gaurav,Fendler,1965-01-21
426819,Sandeepan,Kulisch,1965-01-13
426824,Gopalakrishnan,Mawatari,1965-01-25
426958,Weijing,Viele,1965-01-19
427313,Utpal,Kemmerer,1965-01-31
427320,Mamdouh,Ramamoorthy,1965-01-13
427332,Feiyu,Hemaspaandra,1965-01-20
427571,Torsten,Ranta,1965-01-20
427776,Jaques,Navazio,1965-01-25
427805,Haldun,Compeau,1965-01-21
427823,Jaques,Gecsei,1965-01-18
427852,Adil,Kieras,1965-01-02
428082,Ronghao,Alpin,1965-01-09
428160,Jamaludin,Kalorkoti,1965-01-12
428195,Hatsukazu,Rosca,1965-01-11
428219,Ghassan,Androutsos,1965-01-21
428917,Theron,Billawala,1965-01-23
429087,Hugh,Senzako,1965-01-27
429231,Kazuyasu,Schmiedel,1965-01-09
429238,Mona,Luck,1965-01-29
429249,Alassane,Wolniewicz,1965-01-28
429316,Seshu,Hiraishi,1965-01-08
429381,Limsoon,Roohalamini,1965-01-06
429481,Subhada,Emmerich,1965-01-09
429520,Yongqiao,Francisci,1965-01-06
429532,Bartek,Vendrig,1965-01-25
429569,Fumiya,Chappelet,1965-01-03
429703,Ung,Honglei,1965-01-06
429899,Ranan,Marsiglia,1965-01-30
429954,Renny,Gladwell,1965-01-26
430054,Erzsebet,Setiz,1965-01-22
430558,Xiong,Roisin,1965-01-07
430593,Janalee,Lanzelotte,1965-01-19
430631,Kersti,Marsiglia,1965-01-17
430891,Khalil,Gien,1965-01-06
431576,Masamitsu,Back,1965-01-06
431657,Visit,Thiran,1965-01-31
431882,Hideo,Varman,1965-01-21
431887,Poorav,Ranst,1965-01-05
432031,Adamantios,Matzat,1965-01-11
432034,Arfst,Uehara,1965-01-24
432121,Alair,Straney,1965-01-06
432257,Kwangjo,Hiltgen,1965-01-20
432261,Arve,Bergere,1965-01-30
432399,Nitsan,Nollmann,1965-01-19
432523,Takahiro,Maquelin,1965-01-21
432665,Flemming,Driscoll,1965-01-02
432787,Toshiko,Ibel,1965-01-16
432956,Qunsheng,Birrer,1965-01-25
433059,Bojan,Montresor,1965-01-02
433157,Tomofumi,Serna,1965-01-16
433260,Make,Olivero,1965-02-01
433438,Keiichiro,Miyakawa,1965-01-06
434845,Takushi,Skogmar,1965-01-11
434936,Sahrah,Rosis,1965-01-15
435042,Brigham,Borstler,1965-01-10
435060,Moie,Lieblein,1965-01-16
435181,Kazuhide,Fiutem,1965-01-16
435289,Feixiong,Schurmann,1965-01-04
435305,Berthier,Pramanik,1965-01-21
435370,Conal,Basart,1965-01-16
435588,Genta,Pepe,1965-01-29
435602,Dietrich,Kranzdorf,1965-01-29
435774,Olivera,Bharadwaj,1965-01-09
435791,Hercules,Speer,1965-01-07
436558,Subir,Greibach,1965-01-08
436797,Ohad,Henders,1965-01-24
436827,Wojceich,Limongiello,1965-01-30
436915,Feixiong,Haraldson,1965-01-13
437276,Dines,DeMori,1965-01-17
437369,Kazuhide,Biran,1965-02-01
437395,Sumant,Thambidurai,1965-01-21
437724,Erez,Luft,1965-01-17
437870,Kerhong,Lorho,1965-01-07
438038,Lena,Giaccio,1965-01-01
438264,Rasikan,Barreiro,1965-01-19
438557,Lidong,Swist,1965-01-30
439377,Mari,Plessier,1965-01-28
439905,Kousuke,Levasseur,1965-01-03
439924,Gunilla,Kisuki,1965-01-30
440325,Douadi,Sullins,1965-01-10
440435,Sandeepan,Rosti,1965-01-03
440450,Tzvetan,Scharstein,1965-01-16
440642,Snehasis,Kalsbeek,1965-01-14
440870,Filipp,Hasham,1965-01-01
440937,Fabrizio,Usery,1965-01-18
441197,Miquel,Legleitner,1965-01-18
441536,Chinho,Collette,1965-01-10
441954,Leszek,Marchegay,1965-01-03
441965,Claudi,Heijenga,1965-01-12
442002,Ravishankar,Baig,1965-01-03
442096,Martijn,DiGiano,1965-01-15
442312,Zengping,Cusworth,1965-01-05
442490,Navid,Luke,1965-01-08
442653,Mona,Hebden,1965-01-04
442700,Siddarth,Masada,1965-01-06
442898,Aksel,Gire,1965-01-07
443108,Christfried,Atrawala,1965-01-14
443485,Marke,Klerer,1965-01-23
443841,Shaw,Kading,1965-01-08
443873,Vatsa,Ramsay,1965-01-20
444070,Heping,Skrikant,1965-01-15
444099,Kousuke,Worfolk,1965-01-28
444208,Irena,Cesareni,1965-01-27
444465,Prasadram,Bultermann,1965-01-13
444487,Udi,Rullman,1965-01-03
444643,Berna,Schonegge,1965-01-18
445067,Eldridge,Kawashima,1965-01-28
445152,Heping,Peac,1965-01-09
445226,Oscar,Baumann,1965-01-01
445570,Van,Nations,1965-01-25
445723,Gaurav,Roison,1965-01-31
445941,Masako,Dechter,1965-01-11
445950,Ebru,Valtorta,1965-01-23
446121,Fay,Cochrane,1965-01-11
446306,Hercules,Kabayashi,1965-01-22
446424,DAIDA,Nooteboom,1965-01-16
446897,Takahiro,Dalton,1965-01-22
446959,Aram,Passino,1965-01-29
447018,Dannz,Miara,1965-01-17
447135,Gennady,Rouquie,1965-01-31
447232,Aleksander,Schaaf,1965-01-22
447376,Kirk,Zongker,1965-01-07
447544,Stabislas,Kakkad,1965-01-22
447613,Paris,Restivo,1965-01-15
447877,Make,Heuser,1965-01-13
447931,Martijn,Jeong,1965-01-11
447966,Kamakshi,Hebert,1965-01-05
447982,Shiv,Baezner,1965-01-25
447999,Shiv,Vilarrasa,1965-01-05
448769,Mong,Dichev,1965-01-18
448900,Mart,Talmor,1965-01-16
448918,Chiradeep,Arlazarov,1965-01-23
448994,Haldun,Syang,1965-01-12
449189,Jahangir,Bernatsky,1965-01-30
449815,Fumitaka,Quittner,1965-01-27
449984,Hinrich,Perin,1965-02-01
450184,Selwyn,Henseler,1965-01-11
450255,Udo,Waymire,1965-01-31
450309,Gill,Orlowska,1965-01-08
450475,Saeed,Bahl,1965-01-21
450817,DAIDA,Frolund,1965-01-10
450888,Sedat,Rande,1965-01-03
450934,Chanjung,Raoux,1965-01-23
450936,Yuriy,Ponthieu,1965-01-18
451253,Jaihie,Ozeri,1965-01-15
451272,Jacopo,Krohm,1965-01-02
451275,Bedrich,Isard,1965-01-25
451333,Radhika,Bonifati,1965-01-15
452137,Subir,Miake,1965-01-15
452206,Arra,Esposito,1965-01-22
452325,Taiji,Berstel,1965-01-14
452347,Shigeichiro,Brattka,1965-01-07
452365,Fei,Gadepally,1965-01-05
452956,Gou,Thombley,1965-01-17
452957,Alair,Nanard,1965-01-03
452982,Lobel,Aloia,1965-01-29
453070,Aran,Rosenbaum,1965-01-06
453154,Gao,Lally,1965-01-03
453644,Berni,Takkinen,1965-01-07
453688,Chinya,Leslie,1965-01-24
453723,Arne,Kohling,1965-01-15
453760,Ewing,Rajala,1965-01-13
453790,Fai,Keirsey,1965-01-11
453913,Stein,Perng,1965-01-23
454338,Mohammed,Georg,1965-01-24
454378,Gina,Ossenbruggen,1965-01-06
454736,Nechama,Ermel,1965-01-24
454791,Xiaoqiu,Pietracaprina,1965-01-22
454825,Kamakshi,Schusler,1965-01-02
454994,Mohan,Picht,1965-01-01
455175,Soenke,Zaumen,1965-01-14
455284,Luisa,Baig,1965-01-09
455726,Qiwen,Kriebel,1965-01-08
455814,Giao,DuCasse,1965-01-28
455914,Peer,Angelopoulos,1965-01-01
456767,Tetsurou,Schreiter,1965-01-24
456982,Shounak,Dratva,1965-01-07
457070,Gay,Plavsic,1965-01-25
457146,Jinpo,Heyers,1965-01-20
457305,Sorina,Lakshmanan,1965-01-15
457337,Xumin,Beidas,1965-01-31
457411,Xudong,Peck,1965-01-13
457489,Berna,Ranst,1965-01-24
457611,Indrajit,Krogh,1965-01-09
457776,Florian,Siepmann,1965-01-15
457813,Foong,Gargeya,1965-01-28
457832,Jackson,Zielinski,1965-02-01
457938,Arch,Picco,1965-01-14
458111,Florian,Tramer,1965-01-23
458134,Thanasis,Standera,1965-01-11
458191,George,Atchley,1965-01-28
458383,Mabhin,Foote,1965-01-06
458726,Shahaf,Kitai,1965-01-13
458790,Ramya,Azadmanesh,1965-01-17
459172,Val,Rissanen,1965-01-19
459356,Pramod,Wendorf,1965-01-21
459429,Mohit,Verhaegen,1965-01-14
459685,Hirochika,Goldhammer,1965-02-01
460131,Adly,Hambrick,1965-01-16
460691,Munehiko,Gihr,1965-01-16
460707,Yoshinari,Lanteri,1965-01-07
460920,Remzi,Mitzlaff,1965-01-22
461120,Shietung,Gelosh,1965-01-18
461270,Mrinalini,Mawatari,1965-01-10
461801,Sumali,Cooman,1965-01-03
462493,Paloma,Gerlach,1965-01-12
462795,Somnath,Cummings,1965-01-05
463023,Itzchak,Penn,1965-01-06
463099,Jinxi,Schmiedel,1965-01-15
463212,Ramya,Rossi,1965-01-09
463472,Jaber,Sethi,1965-01-11
463495,Alenka,Barriga,1965-01-28
464284,Huiqun,Henders,1965-01-20
464303,Abdelghani,Nyrup,1965-01-22
465062,Stafford,Gist,1965-01-29
465076,Tokuyasu,Ghelli,1965-01-19
465085,Vidar,Gunderson,1965-01-18
465409,Shahid,Varman,1965-01-30
465501,Mrinalini,Gire,1965-01-05
465711,Lakshmi,Frijda,1965-01-06
465853,Kwan,Kampfer,1965-01-01
465874,Herb,Picht,1965-01-12
466064,Temple,Danlos,1965-01-31
466367,Hiroyasu,Strandh,1965-01-05
466509,Bezalel,Verhoeff,1965-01-26
466603,Yechezkel,Nourani,1965-01-23
466745,Boalin,Birsak,1965-01-26
467176,Przemyslawa,Borovoy,1965-01-05
467269,Nahum,Lambe,1965-01-18
467392,Mariusz,Rikino,1965-01-07
467441,Margareta,Bondorf,1965-01-13
467591,Kiyotoshi,Hennebert,1965-01-17
467886,Sivanarayana,Chandrasekhar,1965-01-02
467918,Tsuneo,Skrikant,1965-01-03
468360,Huei,Saoudi,1965-01-12
468417,Kamakshi,Huhdanpaa,1965-01-25
468659,Ranga,Lemarechal,1965-01-18
468773,Baziley,Brookner,1965-01-27
469104,Nadjib,Comellas,1965-01-21
469253,Baruch,Basawa,1965-01-17
469269,Weiyi,Codenie,1965-01-23
469366,Aiman,Wilfing,1965-01-12
469399,Hongzhu,Ruemmler,1965-01-25
469527,Halsur,Ibel,1965-01-24
469529,Neven,Rikino,1965-01-07
469735,Arif,Stranks,1965-01-30
469867,Hein,Jonsson,1965-01-23
470456,Reuven,Oehlmann,1965-01-13
470472,Zhiguo,Staudhammer,1965-02-01
471397,Nigel,Zirintsis,1965-02-01
471532,Feiyu,Decleir,1965-01-17
471552,Basem,Lortz,1965-01-22
471911,Arun,Zaccaria,1965-01-14
471939,Kazuhiko,Marshall,1965-01-27
472052,Godehard,Chinal,1965-01-26
472143,Yahiko,Sommen,1965-01-25
472238,Jungsoon,Gubsky,1965-01-31
472790,Zhenbing,Ibel,1965-01-23
472950,Weidon,Fordan,1965-01-29
473268,Hugo,Sgarro,1965-01-01
473299,Khaled,Penn,1965-01-12
473490,Pantung,Reeker,1965-01-06
473940,Avishai,Majewski,1965-01-16
474331,Sugwoo,Eugenio,1965-01-29
474763,Mayuko,Clouatre,1965-01-07
474796,Zongyan,Shackel,1965-01-10
475087,Genevieve,Snedden,1965-01-31
475258,Fumiyo,Feinberg,1965-01-10
475538,Christophe,Leaver,1965-01-15
475938,Shigeaki,Lanteri,1965-01-14
475965,Rimon,Pietracaprina,1965-01-02
476055,Girolamo,Schlumberger,1965-01-03
476122,Khun,Spieker,1965-01-04
476327,Reinhold,Binkley,1965-01-31
476361,Doohun,Preusig,1965-01-09
477350,Terresa,Vigier,1965-01-01
477578,Marit,Paludetto,1965-01-23
477969,Bluma,Mundy,1965-01-18
478007,Fumino,Narahara,1965-01-06
478170,Doowon,Schoegge,1965-01-22
478218,Djenana,Erol,1965-01-02
478439,Yuichiro,Bale,1965-01-15
478768,Arun,Katzenelson,1965-01-03
478799,Shaw,Borovoy,1965-01-18
478833,Pradeep,Valiente,1965-01-30
478858,Hidekazu,Perna,1965-01-20
479024,Ewing,Kalorkoti,1965-01-03
479407,Randi,Tomescu,1965-01-18
479601,Kayoko,Bahi,1965-01-19
479695,Masamitsu,Murrill,1965-01-06
480035,Sukumar,Georg,1965-01-26
480066,Suebskul,Menhardt,1965-01-31
480178,Uinam,Rahier,1965-01-03
480268,Gaurav,Cheshire,1965-01-18
480407,Deniz,Bennis,1965-01-01
481050,Weiru,Burnard,1965-01-16
481213,Shigehiro,Haldar,1965-01-08
481397,Luisa,Chelton,1965-01-31
481764,Teiji,Marrakchi,1965-01-27
481790,Haldun,Erie,1965-01-22
482335,Kwangyoen,Peck,1965-01-26
482354,Jayson,Zockler,1965-01-23
482755,Jouni,Conia,1965-01-03
482885,Shaunak,Brizzi,1965-01-29
482905,Aral,Hebden,1965-01-16
482944,Duke,Journel,1965-01-26
483401,Rosita,Pokrovskii,1965-01-10
483675,Hausi,Kamber,1965-01-22
483825,Marek,Mitchem,1965-01-22
483838,Sham,Kavanagh,1965-01-03
483978,Dung,Tanemo,1965-01-24
484126,Manton,Lueh,1965-01-05
484142,Perry,Cooman,1965-01-05
484498,Herbert,Hammerschmidt,1965-01-26
484756,Phule,Ruemmler,1965-01-16
485253,Gladys,Parhami,1965-01-14
485489,Keiichiro,Armand,1965-01-01
485577,Rafael,Menhoudj,1965-01-30
485579,Munehiro,Iwayama,1965-01-18
485799,Yoshimitsu,Litvinov,1965-01-27
485817,Mahmut,Bolotov,1965-01-29
486068,Yefim,Bernardeschi,1965-01-11
486808,Geoffrey,Siochi,1965-01-05
486918,Yagil,Remmers,1965-01-18
486956,Matt,Ruemmler,1965-01-01
486958,Tonny,Kropf,1965-01-06
487008,Zhigen,Raney,1965-01-22
487505,Uno,Jayawardene,1965-01-20
487988,Ekawit,Schaft,1965-01-05
488095,Francoise,Hegner,1965-01-24
488142,Denis,Narlikar,1965-01-05
488482,Kensyu,Tsunoo,1965-01-30
488540,Breannda,Maquelin,1965-01-22
488619,Georgy,Bennis,1965-01-25
488693,Jiong,Zultner,1965-01-27
488707,Mihalis,Remmers,1965-01-16
488752,Nimmagadda,Baja,1965-01-23
488788,Wuxu,Garigliano,1965-01-12
488984,Kendra,Junet,1965-01-18
489755,Matk,Chorvat,1965-01-14
489756,Kersti,Miculan,1965-01-01
489928,Satoru,Janetzko,1965-01-28
490551,Lalit,Lindqvist,1965-01-01
490557,Luise,Vigier,1965-01-27
490568,Zita,Reistad,1965-01-01
490720,Younwoo,Samarati,1965-01-19
491079,Kwangsub,Keirsey,1965-01-06
491162,Panayotis,Hempstead,1965-01-14
491478,Gill,Varman,1965-01-16
491596,Charmane,Pargas,1965-01-21
491632,Gadiel,Perly,1965-01-01
492000,Valeska,Cools,1965-01-10
492052,Udo,Ratnakar,1965-01-11
492217,Heekeun,Verhaegen,1965-01-16
492639,Sanjoy,Porenta,1965-01-30
492677,Goetz,McAffer,1965-01-26
493031,Hironoby,Jakobus,1965-01-23
493048,Muzhong,Berztiss,1965-01-31
493096,Sachem,Msuda,1965-01-31
493744,Leni,Kropatsch,1965-01-14
494019,Morrie,Iisaku,1965-01-16
494088,Phule,Dahlbom,1965-01-10
494493,Masasuke,Koprowski,1965-01-10
494995,Yongmao,Pouyioutas,1965-01-04
496100,Pranjal,Reinhard,1965-01-07
496970,Giordano,Maquelin,1965-01-03
496978,Danco,Debuse,1965-01-30
497007,Oldrich,Adachi,1965-01-23
497174,Sanjiv,Bressoud,1965-01-02
497340,Fayez,Keohane,1965-01-06
497391,Paris,Lieblein,1965-01-30
497835,Shuho,Laurillard,1965-01-29
498185,Caolyn,Marciano,1965-01-19
498337,Naraig,Docker,1965-01-30
498456,Geraldo,Gerteisen,1965-01-17
498635,Florian,Pezzoli,1965-01-09
498838,Sanjay,Ciolek,1965-01-16
498845,Arumugam,Pelc,1965-01-09
498955,Nechama,Kandlur,1965-01-13
499194,Padma,Delgrange,1965-01-29
499260,Danae,Honglei,1965-01-11
499495,Baoqiu,Kakkar,1965-01-14
